{
  "config": {
    "seed": 42,
    "n_bootstrap": 10000
  },
  "phase1_gt_mature_intervention": {
    "step": 143000,
    "task": "greater_than",
    "n_pairs": 300,
    "base_diff_mean": 0.8790327165524164,
    "patched_diff_mean": 0.21446979701519012,
    "delta_mean": -0.6645629195372263,
    "delta_ci95": [
      -0.74941441993167,
      -0.5787211486697197
    ]
  },
  "phase2_sva_mature_intervention": {
    "step": 143000,
    "task": "sva",
    "n_pairs": 200,
    "base_diff_mean": 0.03659848609771871,
    "patched_diff_mean": 0.05462466070737719,
    "delta_prob_mean": 0.018026174609658482,
    "delta_prob_ci95": [
      0.013655375043746972,
      0.02279752371597442
    ],
    "base_log_ratio_mean": 1.7889702442750015,
    "patched_log_ratio_mean": 3.643119416281845,
    "delta_log_ratio_mean": 1.854149172006844,
    "delta_log_ratio_ci95": [
      1.6864073883759243,
      2.0265301717397333
    ]
  },
  "phase3_sva_step1000_intervention": {
    "step": 1000,
    "task": "sva",
    "n_pairs": 200,
    "base_diff_mean": 0.00014542131953930947,
    "patched_diff_mean": 0.014034708767112533,
    "delta_prob_mean": 0.013889287447573223,
    "delta_prob_ci95": [
      0.01005623960909179,
      0.018569301032535124
    ],
    "base_log_ratio_mean": -0.43199558569943397,
    "patched_log_ratio_mean": 1.7661718680772274,
    "delta_log_ratio_mean": 2.1981674537766613,
    "delta_log_ratio_ci95": [
      2.101738746473719,
      2.2942686329154025
    ]
  },
  "phase4_gt_410m_dip": {
    "model": "EleutherAI/pythia-410m-deduped",
    "by_step": {
      "step_0": {
        "acc": 0.49333333333333335,
        "mean_diff": -4.4655636714499753e-05,
        "diff_ci95": [
          -0.00015999714207161258,
          7.113312317111794e-05
        ]
      },
      "step_512": {
        "acc": 0.38,
        "mean_diff": -0.025705318418331444,
        "diff_ci95": [
          -0.042175820353324525,
          -0.00894536339576977
        ]
      },
      "step_1000": {
        "acc": 0.5033333333333333,
        "mean_diff": -0.04419030918429295,
        "diff_ci95": [
          -0.0782400450501591,
          -0.00988873365024727
        ]
      },
      "step_2000": {
        "acc": 0.63,
        "mean_diff": 0.0872318691511949,
        "diff_ci95": [
          0.05753795476009448,
          0.11600399871418873
        ]
      },
      "step_3000": {
        "acc": 0.9966666666666667,
        "mean_diff": 0.5922993147249023,
        "diff_ci95": [
          0.57227247255637,
          0.6114937762419383
        ]
      },
      "step_5000": {
        "acc": 1.0,
        "mean_diff": 0.8776592022304733,
        "diff_ci95": [
          0.8665298792988372,
          0.8883792848212179
        ]
      },
      "step_10000": {
        "acc": 1.0,
        "mean_diff": 0.8954682534995179,
        "diff_ci95": [
          0.8833627431646455,
          0.9068742385382453
        ]
      },
      "step_143000": {
        "acc": 1.0,
        "mean_diff": 0.9371317712644426,
        "diff_ci95": [
          0.9278620675501685,
          0.9450737055076558
        ]
      }
    }
  },
  "phase5_gt_1b_dip": {
    "model": "EleutherAI/pythia-1b-deduped",
    "by_step": {
      "step_0": {
        "acc": 0.5166666666666667,
        "mean_diff": 4.440845607556791e-05,
        "diff_ci95": [
          -7.918894053606587e-05,
          0.0001699417482659555
        ]
      },
      "step_512": {
        "acc": 0.47,
        "mean_diff": -0.035419320911169054,
        "diff_ci95": [
          -0.05645922060046966,
          -0.014462860354067143
        ]
      },
      "step_1000": {
        "acc": 0.2,
        "mean_diff": -0.2637905371685823,
        "diff_ci95": [
          -0.2972177221172799,
          -0.23013654191046953
        ]
      },
      "step_2000": {
        "acc": 0.9733333333333334,
        "mean_diff": 0.3979575227449338,
        "diff_ci95": [
          0.37742953945944707,
          0.4178872254174203
        ]
      },
      "step_3000": {
        "acc": 0.98,
        "mean_diff": 0.6434393524006009,
        "diff_ci95": [
          0.6177709613510718,
          0.6679740454573184
        ]
      },
      "step_5000": {
        "acc": 1.0,
        "mean_diff": 0.8116391785504917,
        "diff_ci95": [
          0.797601830891644,
          0.8247056857732434
        ]
      },
      "step_10000": {
        "acc": 1.0,
        "mean_diff": 0.9102348427598675,
        "diff_ci95": [
          0.8983327209425624,
          0.92122916448516
        ]
      },
      "step_143000": {
        "acc": 1.0,
        "mean_diff": 0.9566523878404405,
        "diff_ci95": [
          0.9516975971510401,
          0.9609830957201095
        ]
      }
    }
  }
}