{
  "config": {
    "patch_layers": [
      3,
      4,
      5
    ],
    "templates": 10,
    "prompts_per_template": 30,
    "n_total": 300,
    "n_bootstrap": 10000,
    "models": [
      {
        "name": "stanford_alias",
        "hf_repo": "stanford-crfm/alias-gpt2-small-x21",
        "checkpoints": [
          100,
          1500,
          3000,
          10000,
          100000
        ]
      },
      {
        "name": "polypythia_seed1",
        "hf_repo": "EleutherAI/pythia-160m-seed1",
        "checkpoints": [
          1000,
          2000,
          3000,
          5000,
          143000
        ]
      }
    ]
  },
  "by_model": {
    "stanford_alias": {
      "step_100": {
        "n_prompts": 300,
        "ioi_acc": 0.5,
        "base_ld_mean": -0.007388825416564941,
        "base_ld_ci95": [
          -0.13634205583234627,
          0.12129131587346394
        ],
        "patched_ld_mean": -0.004927419225374857,
        "delta_ld_mean": 0.002461406191190084,
        "delta_ld_ci95": [
          0.0015407424122095108,
          0.0034224667201439535
        ]
      },
      "step_1500": {
        "n_prompts": 300,
        "ioi_acc": 0.12,
        "base_ld_mean": -1.4746769046783448,
        "base_ld_ci95": [
          -1.625107740799586,
          -1.3306760824918749
        ],
        "patched_ld_mean": -0.44852716286977135,
        "delta_ld_mean": 1.0261497418085734,
        "delta_ld_ci95": [
          0.9508818864027659,
          1.1039091558853784
        ]
      },
      "step_3000": {
        "n_prompts": 300,
        "ioi_acc": 0.18,
        "base_ld_mean": -1.1702844858169557,
        "base_ld_ci95": [
          -1.3229848848581314,
          -1.0173474700450897
        ],
        "patched_ld_mean": -0.4008098554611206,
        "delta_ld_mean": 0.769474630355835,
        "delta_ld_ci95": [
          0.691956256866455,
          0.8464457022349039
        ]
      },
      "step_10000": {
        "n_prompts": 300,
        "ioi_acc": 0.5466666666666666,
        "base_ld_mean": 0.3079560407002767,
        "base_ld_ci95": [
          0.15305409121513366,
          0.4708213257789612
        ],
        "patched_ld_mean": 0.0791069761912028,
        "delta_ld_mean": -0.22884906450907389,
        "delta_ld_ci95": [
          -0.33185956271489464,
          -0.12803173438707988
        ]
      },
      "step_100000": {
        "n_prompts": 300,
        "ioi_acc": 0.97,
        "base_ld_mean": 2.956394360860189,
        "base_ld_ci95": [
          2.7981772048473355,
          3.115466668367386
        ],
        "patched_ld_mean": 0.06736262639363606,
        "delta_ld_mean": -2.8890317344665526,
        "delta_ld_ci95": [
          -3.025997891108195,
          -2.75589689485232
        ]
      }
    },
    "polypythia_seed1": {
      "step_1000": {
        "n_prompts": 300,
        "ioi_acc": 0.38333333333333336,
        "base_ld_mean": -0.41034202734629316,
        "base_ld_ci95": [
          -0.5485401980479558,
          -0.27145105648040774
        ],
        "patched_ld_mean": -0.1759774700800578,
        "delta_ld_mean": 0.23436455726623534,
        "delta_ld_ci95": [
          0.21246458880106608,
          0.2574411372343699
        ]
      },
      "step_2000": {
        "n_prompts": 300,
        "ioi_acc": 0.30666666666666664,
        "base_ld_mean": -0.6871518166859945,
        "base_ld_ci95": [
          -0.8195856246153513,
          -0.5548112583160401
        ],
        "patched_ld_mean": -0.1413933785756429,
        "delta_ld_mean": 0.5457584381103515,
        "delta_ld_ci95": [
          0.472254063685735,
          0.6222413631677627
        ]
      },
      "step_3000": {
        "n_prompts": 300,
        "ioi_acc": 0.7866666666666666,
        "base_ld_mean": 0.9650345039367676,
        "base_ld_ci95": [
          0.8104849648475647,
          1.1190353935559592
        ],
        "patched_ld_mean": 0.23861869812011718,
        "delta_ld_mean": -0.7264158058166504,
        "delta_ld_ci95": [
          -0.8006060793797175,
          -0.6516480018695195
        ]
      },
      "step_5000": {
        "n_prompts": 300,
        "ioi_acc": 0.8433333333333334,
        "base_ld_mean": 1.5687535492579143,
        "base_ld_ci95": [
          1.397805412530899,
          1.7398393880128862
        ],
        "patched_ld_mean": 0.27480727513631187,
        "delta_ld_mean": -1.2939462741216023,
        "delta_ld_ci95": [
          -1.3910570989052455,
          -1.1974986344973246
        ]
      },
      "step_143000": {
        "n_prompts": 300,
        "ioi_acc": 1.0,
        "base_ld_mean": 4.24973126411438,
        "base_ld_ci95": [
          4.072429352283478,
          4.430022445996602
        ],
        "patched_ld_mean": 0.32687801678975426,
        "delta_ld_mean": -3.9228532473246256,
        "delta_ld_ci95": [
          -4.080726803223292,
          -3.771660883108775
        ]
      }
    }
  }
}