{
  "config": {
    "model": "EleutherAI/pythia-160m-deduped",
    "seed": 42,
    "steps": [
      0,
      256,
      512,
      1000,
      2000,
      3000,
      5000,
      8000,
      10000,
      50000,
      143000
    ],
    "n_bootstrap": 10000
  },
  "phase1_greater_than": {
    "by_step": {
      "step_0": {
        "n": 300,
        "acc_p_greater_beats_lesseq": 0.4166666666666667,
        "mean_diff": -0.00012679912999980538,
        "diff_ci95": [
          -0.0002522190483465844,
          -1.371622077689025e-06
        ],
        "mean_p_greater": 0.0009334829879541455,
        "mean_p_lesseq": 0.001060282117953951
      },
      "step_256": {
        "n": 300,
        "acc_p_greater_beats_lesseq": 0.3333333333333333,
        "mean_diff": -0.032914645990822465,
        "diff_ci95": [
          -0.04286730245167079,
          -0.022734790248117254
        ],
        "mean_p_greater": 0.06655631446667637,
        "mean_p_lesseq": 0.09947096045749883
      },
      "step_512": {
        "n": 300,
        "acc_p_greater_beats_lesseq": 0.3433333333333333,
        "mean_diff": -0.0817107918470477,
        "diff_ci95": [
          -0.10293485553702339,
          -0.06020937397532787
        ],
        "mean_p_greater": 0.13782127412812165,
        "mean_p_lesseq": 0.21953206597516933
      },
      "step_1000": {
        "n": 300,
        "acc_p_greater_beats_lesseq": 0.2,
        "mean_diff": -0.2583313727875551,
        "diff_ci95": [
          -0.29049910520762207,
          -0.22665329765466355
        ],
        "mean_p_greater": 0.3525651822984219,
        "mean_p_lesseq": 0.610896555085977
      },
      "step_2000": {
        "n": 300,
        "acc_p_greater_beats_lesseq": 0.5066666666666667,
        "mean_diff": -0.03666367396712303,
        "diff_ci95": [
          -0.062386648130913575,
          -0.011430262106160327
        ],
        "mean_p_greater": 0.47721544340252875,
        "mean_p_lesseq": 0.5138791173696518
      },
      "step_3000": {
        "n": 300,
        "acc_p_greater_beats_lesseq": 0.9266666666666666,
        "mean_diff": 0.47267892869810263,
        "diff_ci95": [
          0.4401361075223734,
          0.5041962835025042
        ],
        "mean_p_greater": 0.7357172306875388,
        "mean_p_lesseq": 0.2630383019894362
      },
      "step_5000": {
        "n": 300,
        "acc_p_greater_beats_lesseq": 0.94,
        "mean_diff": 0.5376574044302106,
        "diff_ci95": [
          0.5096992166194444,
          0.5650253787630548
        ],
        "mean_p_greater": 0.7684314234058062,
        "mean_p_lesseq": 0.23077401897559563
      },
      "step_8000": {
        "n": 300,
        "acc_p_greater_beats_lesseq": 0.9966666666666667,
        "mean_diff": 0.6521338497226437,
        "diff_ci95": [
          0.6322658004226783,
          0.6712951340368017
        ],
        "mean_p_greater": 0.82510802090168,
        "mean_p_lesseq": 0.1729741711790363
      },
      "step_10000": {
        "n": 300,
        "acc_p_greater_beats_lesseq": 1.0,
        "mean_diff": 0.7545039581383268,
        "diff_ci95": [
          0.7362685694348378,
          0.7722406315299061
        ],
        "mean_p_greater": 0.876729198495547,
        "mean_p_lesseq": 0.12222524035722017
      },
      "step_50000": {
        "n": 300,
        "acc_p_greater_beats_lesseq": 1.0,
        "mean_diff": 0.8246138103678823,
        "diff_ci95": [
          0.8115735949780792,
          0.8369643399451548
        ],
        "mean_p_greater": 0.911410958369573,
        "mean_p_lesseq": 0.08679714800169071
      },
      "step_143000": {
        "n": 300,
        "acc_p_greater_beats_lesseq": 1.0,
        "mean_diff": 0.8829755537460248,
        "diff_ci95": [
          0.8736004929047388,
          0.8921757180402055
        ],
        "mean_p_greater": 0.9405942000945409,
        "mean_p_lesseq": 0.05761864634851615
      }
    },
    "n_prompts": 300,
    "dip_step_key": "step_1000",
    "dip_min_acc": 0.2
  },
  "phase2_sva": {
    "by_step": {
      "step_0": {
        "n": 200,
        "acc": 0.51,
        "mean_diff": -5.411703818936075e-07,
        "diff_ci95": [
          -3.195474927082387e-06,
          2.0102397204198034e-06
        ],
        "mean_log_ratio": 0.01881443045799476,
        "log_ratio_ci95": [
          -0.12340115348959202,
          0.15933923453772467
        ]
      },
      "step_256": {
        "n": 200,
        "acc": 0.185,
        "mean_diff": -0.010098765606526285,
        "diff_ci95": [
          -0.012088137723418185,
          -0.008267271111159063
        ],
        "mean_log_ratio": -1.0271525343294423,
        "log_ratio_ci95": [
          -1.166205172997327,
          -0.8945453191604845
        ]
      },
      "step_512": {
        "n": 200,
        "acc": 0.01,
        "mean_diff": -0.005173625760544382,
        "diff_ci95": [
          -0.006372499871528816,
          -0.004172367973710607
        ],
        "mean_log_ratio": -1.957579050756594,
        "log_ratio_ci95": [
          -2.1078799586951673,
          -1.8121761582738287
        ]
      },
      "step_1000": {
        "n": 200,
        "acc": 0.39,
        "mean_diff": 0.0015113110138190678,
        "diff_ci95": [
          -0.0006810589259948755,
          0.004205250359945238
        ],
        "mean_log_ratio": -0.2593343177608477,
        "log_ratio_ci95": [
          -0.4149779471953308,
          -0.10367071744213009
        ]
      },
      "step_2000": {
        "n": 200,
        "acc": 0.84,
        "mean_diff": 0.013752823376271407,
        "diff_ci95": [
          0.011318721071003892,
          0.016246112031383746
        ],
        "mean_log_ratio": 1.20147416930278,
        "log_ratio_ci95": [
          1.0281454201711646,
          1.3688013300588846
        ]
      },
      "step_3000": {
        "n": 200,
        "acc": 0.885,
        "mean_diff": 0.026048564181110123,
        "diff_ci95": [
          0.022109291003682304,
          0.0300227551923017
        ],
        "mean_log_ratio": 1.4248206151091836,
        "log_ratio_ci95": [
          1.2773610540964087,
          1.5678154536362674
        ]
      },
      "step_5000": {
        "n": 200,
        "acc": 0.985,
        "mean_diff": 0.04324332889867946,
        "diff_ci95": [
          0.037773951464827406,
          0.04884406514546572
        ],
        "mean_log_ratio": 2.156895323530409,
        "log_ratio_ci95": [
          2.0353428112830603,
          2.2708095310484055
        ]
      },
      "step_8000": {
        "n": 200,
        "acc": 0.975,
        "mean_diff": 0.04185497868289531,
        "diff_ci95": [
          0.03704299530231583,
          0.04671458231033102
        ],
        "mean_log_ratio": 2.2164243015022698,
        "log_ratio_ci95": [
          2.0663860856613594,
          2.358342861608375
        ]
      },
      "step_10000": {
        "n": 200,
        "acc": 0.99,
        "mean_diff": 0.04070537345534831,
        "diff_ci95": [
          0.03562593474743153,
          0.04612631762527234
        ],
        "mean_log_ratio": 2.325810747849852,
        "log_ratio_ci95": [
          2.1526967024610753,
          2.4960358843862385
        ]
      },
      "step_50000": {
        "n": 200,
        "acc": 0.93,
        "mean_diff": 0.039453125038126015,
        "diff_ci95": [
          0.03444954217672785,
          0.04468182112223621
        ],
        "mean_log_ratio": 2.137654939678468,
        "log_ratio_ci95": [
          1.9293649015119483,
          2.3422920194596415
        ]
      },
      "step_143000": {
        "n": 200,
        "acc": 0.92,
        "mean_diff": 0.03670992173618288,
        "diff_ci95": [
          0.03134887896881264,
          0.042327561512583996
        ],
        "mean_log_ratio": 1.6423238521518408,
        "log_ratio_ci95": [
          1.4708349250798454,
          1.809107388006009
        ]
      }
    },
    "n_prompts": 200,
    "dip_step_key": "step_512",